temperature,humidity,soil_moisture,nitrogen_value,phosphorus_value,potassium_value,ph_value,rainfall,disease
27.20185685169644,54.48243949818114,73.15488164263658,48.05891370849452,12.963664923529619,53.44690155781921,6.486842145898356,244.2177686691511,Fusarium Wilt
31.837162595429884,89.78301761301904,84.21539476033591,35.91657540802278,24.365341367463785,26.53006145475024,6.546308263392596,242.0310707061576,Anthracnose
37.272613680666566,96.65759894806303,45.66380192748625,27.969749158976345,51.88435485988846,46.647272356642475,6.300034548987948,91.53993346532636,Bacterial Wilt
28.34274163287462,57.77455548023478,79.13084686661205,46.02879890843599,33.12147743069457,25.410152868422532,7.099648199210183,235.9673323083617,Fungal Blight
28.976927738231282,78.31881248990386,83.07074390643209,32.49338013379102,55.058610435777005,50.66472277642074,5.98700151804152,137.0984062990977,Bacterial Wilt
26.86247962531676,91.86378073497708,59.40592314628235,41.38157941520329,39.63276583258117,39.784919407198586,5.358780497565667,135.56479322317045,Fungal Blight
33.080158155532395,73.01502472479166,87.76968723975392,50.35768725465576,56.100484134562315,22.177441494996998,7.8206771084881925,165.39973134906813,Powdery Mildew
33.07982855104217,62.02980135949224,39.61828089663257,10.36318160968002,51.8932387191251,15.051337991011302,7.829114958115563,214.16255113245703,Fusarium Wilt
22.43146854076834,64.93152649247386,73.902271578617,14.66605460359008,57.210996456759915,33.349363863990185,5.60412430081386,134.11972584337678,Root Rot
29.892563907698836,75.9162630400067,75.1680356804701,56.49294187439407,22.05972919018123,53.269212773725954,5.371085036390412,162.13056664713008,Powdery Mildew
27.937491226580885,96.07222095653384,73.01126154019843,58.71495702680866,33.18516397584082,46.720223754794205,5.212573918376965,196.0263069649664,Fusarium Wilt
21.761057458692846,81.09886232786644,43.78017877333302,33.05174734500224,46.87243143877117,23.814561073240228,6.570520570116081,245.5280328490794,Powdery Mildew
35.09636423767205,84.2364495419723,39.88482796076033,38.09930703430395,17.07609139026269,20.504704883174306,7.535010173902966,240.21274615483193,Fusarium Wilt
29.537574224200604,55.50948066588495,44.2206625075555,37.87408104697726,33.06374685141533,58.61084649691163,5.9677716109000745,127.6921534741476,Fusarium Wilt
20.40641585767569,84.45075649742812,42.6667514856948,42.88523598247951,41.44146950494894,24.41963063686442,5.8817237811854985,51.475292786686595,Powdery Mildew
21.27250667039114,76.88008398948874,35.05785953383817,37.92670980922835,32.27983560145546,29.59260632041744,6.0516070027374145,87.10806775003738,Fungal Blight
31.87662118096914,50.488873866056025,57.29479699624374,47.970427515431105,23.341230248057368,30.909598963297228,7.373627800144303,200.69455589177446,Downy Mildew
21.307265271906513,92.61736176738259,88.22709559577783,21.361937219822494,35.38291011033715,13.838859324373406,7.128216881170825,243.98349363636635,Leaf Spot
37.96491536658334,65.57362600980552,54.70676356615745,45.26179554892806,48.5532964536434,14.447254712924654,6.186991514947505,281.6674752901532,Anthracnose
20.57620172664588,64.8530802526783,70.22542300668391,46.659111013358185,42.285119187233875,59.51731883165545,7.582309467643056,125.93944862288973,Root Rot
20.679884610592577,63.07801689766539,58.18098104135252,55.43197913460154,50.594426491044146,45.367022476515814,7.231355904625693,200.91628947311148,Powdery Mildew
26.959501943425757,78.21895733861842,33.69989280959859,36.1035715032654,24.11458661901876,52.16204092962347,5.21120140623094,62.92670356094408,Downy Mildew
35.15218729086936,61.54172276434161,80.90163329117667,45.66630723894006,53.41355889460046,29.12454446099565,7.527824338608011,189.7428175623595,Powdery Mildew
30.70993328261924,79.14623699164785,41.66278819446846,46.209451752637825,55.251470849508486,50.97297370952973,5.342462856328849,90.4820190962073,Leaf Spot
31.471635021266767,92.98608595060801,62.56572398598312,57.147264278110406,57.86592628751594,31.56761929347454,7.6884620875658705,240.56742676973525,Anthracnose
21.321948856767655,59.36882380311121,47.67211102629385,15.329129953330808,30.15857943521175,29.981609965752416,5.336282152357129,255.1115498366184,Fusarium Wilt
27.440804801267515,70.52508243610613,86.74306180594701,53.659201490009565,43.65314777988683,27.741805047717424,7.459965052967543,124.0560301160463,Fusarium Wilt
39.30869301673014,60.753091888432294,41.528993417155775,37.076201704083864,53.052045010317535,21.513384084202336,6.06417077030811,100.50464057119916,Root Rot
32.600379406890916,96.60166867634874,68.20468363016748,48.23663347800677,19.852698460033572,11.242617045961513,5.731912614121099,243.65878463545073,Fusarium Wilt
23.949307692284318,76.55365008097779,59.49512190072743,46.36086850651884,45.56835008622688,43.461696748285746,5.827158650089758,264.2752741343894,Downy Mildew
29.792852933772025,94.15037177051144,80.3672920971614,37.75161160639794,39.83744614173868,10.928908024584512,7.357403271484791,129.3700596086067,Root Rot
21.735302919538892,69.29954806615191,60.88066449726053,50.21747331523063,47.63056132803379,14.125667004706068,6.526161677391919,143.69334216539735,Root Rot
20.077373905254948,87.00280016697678,77.11539773798272,52.28827786282036,16.971331437636092,22.51817276537662,5.18561109132107,116.86335697926762,Anthracnose
27.480701758545795,70.9204303452634,53.36302666141687,34.28391338664574,44.107926890888564,31.17905364266982,5.537049181585211,210.26971688698495,Downy Mildew
37.29872950646581,53.36744729960265,50.02277225799173,30.4930026291911,34.664577272443346,19.07416935554089,7.081388344471008,70.61732690080689,Downy Mildew
31.779733906695814,75.87809865876109,53.07749473309805,26.134751351251737,58.564387044609255,16.32707043275808,7.657994044093385,257.02767912070897,Powdery Mildew
32.94093312128968,94.1541629151625,87.36854321013064,37.67963148907039,50.576235135959585,46.18935763646868,6.90482054430397,200.84765475438803,Fungal Blight
35.09421895710827,92.58592871026863,46.14021293228443,18.797434224746514,34.73164491430312,30.405008405392135,6.983646975695362,150.02260304920878,Powdery Mildew
24.801918671059646,98.11875876470995,86.29403225173496,42.85670977211637,21.81127970698155,50.36748515679049,5.83431774376885,207.58921352167138,Fusarium Wilt
36.40066828974119,91.28283365453714,89.24025315927827,14.408917215065234,43.812354912196376,54.465762142489545,6.4422721150797955,173.48782530046083,Leaf Spot
23.77701722142513,90.6476330138518,50.17635524281435,37.84119628636792,31.600034276236997,31.442549221151385,7.7562772320171085,69.02497415104267,Anthracnose
39.12496254021768,51.47600078272313,73.31999119702807,26.774137358844694,43.11574878803659,47.73600126793746,7.068192572402537,143.08153091101067,Leaf Spot
25.517108352638083,72.71452793913738,52.46554087142076,23.145050634123102,34.928971006612855,45.056206650581494,7.319828763175693,179.4685884527634,Leaf Spot
32.76683887914926,75.7647306545967,35.261703573578465,45.77205806035196,52.28051684731275,11.433457043301589,6.2505922700994825,158.2281060844362,Anthracnose
21.65083407346123,66.43927731549537,73.35239840068704,45.13715473335069,32.415095583119964,30.22182723538223,6.0058555855779545,190.95315329551354,Powdery Mildew
37.65063902519926,78.36892683521472,54.74265249014321,15.88805057663474,58.42897378960923,29.514748339254652,5.413507277172036,97.39701905415137,Root Rot
29.609938869365653,81.02778267667198,65.27388786100983,39.235709574365686,43.87759148880392,39.6327190611686,7.756872311491652,183.16080852071693,Root Rot
24.51914407807526,72.39835648526342,34.610304353004025,41.30421569658024,36.384180944775814,53.62747278570679,5.19464763807515,199.16034404315872,Leaf Spot
20.29327514605836,76.23339551305236,63.56721037676779,46.916775182868186,23.28433052812592,47.78042584557131,7.866706549575155,234.90247242350412,Bacterial Wilt
22.050426658078493,93.06095521815305,89.3963508539965,35.35290199837924,24.791860653107836,22.544030879369284,6.5066077867836025,192.88278114000437,Anthracnose
21.26561720734449,97.55124531901114,87.88876969452855,46.416176255877495,12.9977096714076,27.432912191370065,6.4990104228689045,281.4246994857196,Downy Mildew
31.138933121357383,75.87049546951287,60.56330858465732,35.92918025585575,20.261734767510433,21.21237910491284,7.429635747365776,142.77961723748342,Anthracnose
23.99421317955361,75.81239110495686,46.71437397447802,31.87859204156746,18.75762884663893,13.754160089845527,5.730289631197746,102.39972340221723,Fusarium Wilt
29.26691407097212,92.78423393148161,40.640634141155815,56.09007135236661,38.10719378515947,48.207733271261105,5.340697772382565,107.34489728884861,Fungal Blight
28.12089100107057,97.45710181016909,47.4768012989461,34.77124482067304,35.32297203122144,42.182891164916114,7.435984513016425,115.24285661864323,Powdery Mildew
35.48939794423441,78.62064625495464,57.08438988527631,13.62481488646949,55.869207982332135,43.657119458799585,5.304694964902793,69.48383372470187,Anthracnose
38.02328124091665,95.60847361533307,63.37985665808287,53.650673442006266,27.238389113405933,46.540879484060824,6.877794943068628,55.623047971830495,Anthracnose
21.652779619040142,71.81442029147661,65.91318602365777,33.25548711983829,57.655866062782984,33.48116788897208,5.808226155809984,266.1541993889948,Leaf Spot
33.85175831725769,68.69970015063234,75.71812767550244,56.81492116377016,10.98715961408104,41.90566589289895,6.773147214518779,253.35877629704362,Fusarium Wilt
23.427069456470257,94.87450116679045,51.657320692830176,52.5903037100418,46.55018951651355,50.54188561338197,5.907459313484212,101.72120203375368,Bacterial Wilt
35.81328136486468,52.76551081951121,82.95228393357192,14.774524261749207,28.1397261334507,26.512109885193198,7.766327659870993,270.92506070804484,Downy Mildew
25.452010811382166,52.30107262004794,74.2745022313055,56.43723810096833,27.910528056709886,56.346496032171416,5.627437471966283,51.6498866766094,Fusarium Wilt
35.23141503870906,51.15840290694901,42.30896123344395,12.700438432373032,26.86170787086561,18.431561346425283,7.75728549858089,153.45381186227206,Fungal Blight
32.531055615470706,74.55491634470238,39.88104975275819,13.848518654302874,54.9248839148446,13.663048642076438,7.427230376398784,291.3817713837377,Fungal Blight
29.520269180087794,90.33045546467315,36.3339977060445,29.314803845628205,44.666287890966615,35.87406388507852,6.035075606890946,246.25149003746424,Fungal Blight
39.41873738916162,67.18342638247006,34.15265129885807,13.983822785791496,15.583384537261715,53.88480787721804,7.675633566785828,200.6030252732622,Bacterial Wilt
28.391625144474258,74.75947131017934,47.36974014636423,48.606252281539746,38.97520756880026,21.78103126119121,7.916939941386639,163.76341872911905,Bacterial Wilt
25.283946795512648,97.1375360356534,69.90753413121442,48.656477512477295,53.21160390831475,24.832469615683415,5.028665102533201,252.423963500732,Fungal Blight
27.94671420184649,77.7527304087923,33.045841052425196,44.633973361168415,16.977336032045244,16.78862540085884,7.948801638011834,281.52891383508563,Fungal Blight
35.98461521440617,94.07324008044574,37.31825545707021,51.5647020603464,45.19251797091535,54.53501999585099,5.268134376128145,62.92129949716272,Anthracnose
27.88634397997359,65.80462885777307,70.4034777576513,51.6346921905226,22.74402968997009,13.995854963145096,5.355412820493158,265.10676847874583,Root Rot
38.82922171012622,87.03688826194542,68.25990744412681,40.21142993164142,18.88768712480314,49.701733231613034,6.262704219043634,190.54761839744086,Fungal Blight
33.89379941745007,84.02670149649654,44.563401821990254,58.66792120470155,36.41035436898697,51.9888719940048,5.069957245895238,229.1132300564441,Powdery Mildew
26.975742918753525,88.89513667824933,81.03252775196222,44.3417342536492,45.30389325429264,20.927979507787672,6.904062701152954,134.92634839553676,Powdery Mildew
21.860459684180228,51.52708967881444,72.86753343347749,40.87554897082858,41.70240652238519,48.46463162635382,7.44486029767412,145.49097728807777,Downy Mildew
39.1944542303561,89.95966484078369,51.295243434652846,15.004356416436318,11.815050074029811,32.00604994120884,6.586602440402913,147.81111846622122,Fusarium Wilt
39.20868244480279,50.83829294586555,58.9625819729722,18.196943955371765,27.698830314583276,20.169929169154795,6.185584073732473,291.0819037412673,Bacterial Wilt
39.39702837104019,81.02512913756269,35.446215044737265,16.047355170416175,59.109147395639525,27.96769468901232,5.117624219437017,125.41890684873634,Leaf Spot
30.643138090906515,80.84782713861226,62.338634268906915,12.432490392316588,13.079139561731981,22.743107218774888,6.409935902699318,175.64384452800797,Anthracnose
35.22300929399323,79.2205626893721,74.93313460623605,33.41115116825614,34.91306868613769,42.44360873383228,7.550335374566225,249.72099386028108,Powdery Mildew
26.525088782550277,50.801557550187056,76.48147613273852,15.149080457882544,22.584565845767465,37.2646272219918,7.281711532987566,278.7586487906714,Bacterial Wilt
26.67560581052981,96.20717055630077,50.456142874720506,42.2920960527663,55.22460486461301,40.01954062110713,7.031965435219641,245.24055493422213,Fungal Blight
34.48577426183538,81.08476384290827,52.543695988126615,19.19505168164459,18.936508461391917,26.86176536632332,7.014525835293657,64.92222738353541,Anthracnose
38.006495860406766,68.33556574838394,82.53071772053272,45.44800591783446,37.407463460840574,20.576205104340588,6.335060806433098,242.25364164342164,Root Rot
31.111172859746212,83.65190496348836,85.34499160119587,51.11683754601687,56.815796215824,46.73707049519404,7.363301470770107,114.24790549810766,Downy Mildew
31.34838951647971,66.30259448937223,39.2445043644331,29.444874795468824,23.777270524730092,19.535912663761863,7.736511905388095,156.98882108041522,Fusarium Wilt
23.97612591263011,54.918419794573715,47.16369073736229,16.97337739584021,23.297204620456682,14.043503047355024,7.197360235772077,291.66110579201427,Anthracnose
35.64255137297031,67.40612585739672,66.80623627264771,27.8388630374326,13.957720565713075,55.992361284472786,7.9992794493643595,212.4157083310136,Powdery Mildew
27.398192014266307,89.0774104854599,48.162909874477975,14.544450820923412,16.04451593638789,24.88515732486621,7.765050317371196,100.57424703120796,Fungal Blight
24.12800362033115,67.03412803966629,40.86086438123798,41.87145187251386,42.500010639140726,52.3925830780385,7.571856848590354,166.88943058317759,Fungal Blight
33.58111254820862,63.1357900108028,42.899155026387945,21.04491030827829,36.546227728859535,35.06119055834482,5.560252131888983,159.6721147492073,Powdery Mildew
26.00584956224847,64.64315992036305,60.809137748674566,52.14514463006937,59.02423868669939,59.352431808988136,7.330056208064838,284.7170909274108,Leaf Spot
26.45234530327021,79.89465426993296,72.46172833728477,38.047643491618814,18.191945245636244,45.04740934467338,5.822710445659086,60.484907067122045,Bacterial Wilt
32.399185123445974,77.92920710299981,82.92474849185518,31.378899251771834,44.69054911377481,26.378248523141494,6.227983378433532,237.29162885935213,Leaf Spot
22.750809110107205,82.05510162502046,30.355689842526463,11.558981971238987,38.011228234876484,20.23459468245498,5.925432458754648,243.88623263923634,Root Rot
25.482187331143514,89.3836033067735,70.82365284367904,19.54162616168928,41.88231833826451,42.055850959407685,5.236045331415944,230.03315427658666,Fusarium Wilt
25.011999133700545,71.72647969703169,67.50627866729059,18.54817358507277,42.26188375432329,54.1456650051841,7.62369644217894,264.7787507004879,Anthracnose
28.600359031459853,86.54882421764671,58.42018536508142,15.079639951158672,12.16747347615695,52.91879448871127,7.947049506931558,287.98694086969186,Anthracnose
35.61649290102925,93.79256121184264,57.8534494872026,50.64800005638091,33.115872429486814,18.779837416516667,7.601747659152583,163.26853671894804,Fungal Blight
28.244006476797644,56.00723814509862,78.78807419317558,57.928852934989656,41.355743046560086,16.62548731955322,6.804559743431593,53.63584972861209,Powdery Mildew
32.52696349681969,92.29349927531538,33.80542333759544,47.35830042945569,53.110134920563084,59.11590949554119,5.224350040373282,170.4331057444407,Powdery Mildew
30.1836954496549,82.54938141476248,88.39707171742575,10.411265582663217,51.083593402177065,38.10944440255993,5.739658878418579,121.3579457410168,Powdery Mildew
39.98069722695302,66.62936561331404,36.01376695306896,58.38235359145814,47.45609445925383,32.38230658887613,5.82769521199371,292.3807481375484,Root Rot
34.909079445516774,96.2715656270602,77.9979422148152,32.723896088088,11.786465633467415,44.70284217262341,5.840338919763592,66.41112638997203,Fusarium Wilt
32.12281758302594,67.52674658184499,30.2153783167043,27.264588909564754,44.941459656723566,22.33253202084675,6.261579658599179,271.52587091911505,Powdery Mildew
28.238164165826596,66.14781316919475,38.17201519798141,44.98227912507026,36.54465283008661,13.20555495840269,6.157037382762203,245.82012035978187,Fusarium Wilt
35.49182995971211,98.60143184141052,41.69276018223641,47.85370317924922,11.945625050457645,37.390357128623215,7.004880800072069,245.27837671575847,Leaf Spot
20.30773218927519,79.63695884283997,58.144194117089555,29.537503169253974,45.65876989321147,26.47310255897631,7.738836957975495,111.16535532200652,Leaf Spot
21.40771568369705,65.96054597219448,50.62760229777585,14.2038257101981,28.365430629705866,12.50451894785767,6.407452966712893,91.85465334049434,Anthracnose
33.61614940136562,95.85862943014232,78.47756187943364,32.76386416299895,51.358615300992184,17.084264173371057,7.580109342627063,266.90990338342726,Root Rot
33.8370240497412,84.67239428469182,49.16691970555799,47.6111312157023,18.438521803217036,19.088312784852995,6.616718462183654,228.43188854362688,Fusarium Wilt
28.08000102347542,73.30147171449599,65.84926529716671,29.437480510545875,37.018593755954555,21.519548381475698,7.322969079361473,64.4150973777702,Fusarium Wilt
21.903395383475946,64.07350787393122,53.265393923863556,49.9262776620717,44.11120256466905,55.54563136022005,7.643446924137954,233.28272358656108,Powdery Mildew
20.08850922358054,76.6109295909556,44.194608512505155,28.283930634038576,22.294435214303242,32.6323899337064,7.042865057877471,81.58864305165326,Fungal Blight
26.808819224654673,62.982016527826666,57.14661713511376,22.304887957496007,37.403141278151324,41.11800136496659,7.455870668981659,281.8180298277973,Fusarium Wilt
33.151209684148235,70.68032325364779,58.51002824320509,39.432799894284216,44.402064216298164,19.575613566074615,7.0985036563494415,228.82085438419568,Fungal Blight
34.885477632253654,56.347591394416995,58.251179126760846,24.645306060024893,53.54444085483905,50.071001161104206,7.034514238238247,111.12149043867899,Powdery Mildew
37.262526181897485,54.359703664963035,50.09339491556277,25.854257748408497,39.656947616467036,25.033746979591495,5.6697575643317,266.1535694879443,Powdery Mildew
25.23657621183079,63.039707179229296,44.93437870677461,57.87145676416553,33.087945258427155,34.885967330078856,5.169692154573202,175.98382886925015,Anthracnose
21.0023780866928,54.42848952728974,39.009812494294536,57.836315215779855,29.760208911329464,25.817048695972872,5.317105794189733,273.8129308537846,Anthracnose
36.51805294257777,73.33234918941035,45.11483329390325,28.26503225962992,12.584803275572906,33.58953168605635,6.751555858779119,157.87583779962915,Downy Mildew
27.258924968234986,84.20621831279556,70.55772833610763,23.99237697955152,21.323486746336947,33.33796302015152,7.4123247490439335,64.77824989342177,Fusarium Wilt
32.71151879404888,76.3904629667189,46.45285257600329,22.74535729671811,19.084219809390465,12.454668400315496,7.05538254885724,126.40050904380027,Anthracnose
22.22917482947414,50.48374089699026,42.17953952179896,44.66980769197413,49.31829057884492,12.760580602297846,5.62175494429692,81.04907966257775,Powdery Mildew
20.208358423690996,63.49016797548214,87.43465370814643,46.89925618983704,27.65022919750884,10.04992038701867,7.715544116131005,289.25352592194645,Fungal Blight
31.215883732110445,72.07417127732046,77.78928842302216,41.91164977227686,50.39116673796675,43.53060860838541,6.20015825504525,135.30951886526628,Leaf Spot
27.760532979161084,56.387903755031914,50.11587524190319,17.79304471907544,34.06884104716223,23.789057028252877,6.469459789581421,128.7627119226745,Powdery Mildew
35.036857691390296,93.4199969349256,48.45913581510737,41.47141014450447,45.90488164379579,30.423589475625498,5.251103952482633,103.75511853833845,Bacterial Wilt
26.40984033666458,66.98508733376238,85.2431354651616,53.08807613290652,54.2196051581211,51.21936814751987,6.314374631554681,114.18829007715485,Anthracnose
23.562656261641596,65.56734232514225,60.75483909981827,56.75155393219962,56.64180669859934,51.94124785258427,5.96202449298854,287.28174644747116,Bacterial Wilt
20.36624083970501,98.30352122184198,50.62518264014035,55.010524879314865,35.365585364027766,27.778645689081763,6.904684792824523,122.30693341362674,Powdery Mildew
21.965193203899926,51.746666037613934,79.02259381102112,11.149509907168595,37.850494291077226,25.32712039287923,5.4054883376236145,155.16766520687145,Fungal Blight
27.21470859504017,83.45079166931774,51.04964899900902,38.13711801131059,48.71958019592898,41.30207486998827,5.611600299379447,273.31533354609815,Anthracnose
22.721819759082255,84.28648900416468,64.36151549574271,51.77111363206926,31.461603427608196,10.612113045200186,6.469154690236511,265.5412256074528,Fusarium Wilt
24.344026372930735,72.76416958344184,77.9094871696766,23.68301094492159,53.79888352191721,34.11333302620602,7.683256896052191,172.06595824209043,Bacterial Wilt
27.029356672206763,85.74401746104252,55.17472209634763,22.335814534484925,55.70796423595064,52.85141938766447,6.178015224015064,80.90700567433856,Root Rot
27.669302135121637,84.0529318761416,53.09958871192026,37.7363482204923,25.68682106741769,19.537355249888265,7.9667051945752405,271.5427308048336,Anthracnose
35.170709548296315,56.11922189080218,49.12240110416672,51.78498640258837,13.088586476551313,52.743342941769264,7.824773063103876,140.1640764689522,Anthracnose
27.79802761762346,83.84627478356214,80.44695694884463,31.41332110157423,55.0519827096571,19.604921958557167,7.885676345309864,159.52051909679852,Fusarium Wilt
24.35473845121816,99.80334903435269,39.21671188729912,38.56977658191675,15.769722951606942,38.17692318519117,7.299673881339937,115.73492411264839,Anthracnose
38.18686381175547,63.447162998312564,69.7584558629559,26.040324230147814,47.44433019948918,54.0264152256219,7.612465877608787,153.05995448741032,Leaf Spot
33.16333336779885,99.20463196079595,82.97354788825915,52.34198089646129,32.234006023682184,40.28144684493074,5.4705990363563215,152.1028094305749,Fusarium Wilt
22.408162740338604,75.583808693338,44.779560697859125,29.684503035660512,29.9954067315431,14.555425952372556,5.472390078711525,294.10045395584586,Downy Mildew
21.530968548116014,93.83256080960297,55.406468813515374,11.984820932591857,27.130615403157062,46.14809333160943,6.858683062072439,131.32239102727718,Bacterial Wilt
34.66311550507908,95.93260148473334,36.700257714165645,33.49704692848866,44.57127585734887,29.14177619852291,7.27319197952473,121.48499863784582,Powdery Mildew
36.27680576151402,76.19450891953352,46.07397893326191,54.36007528403424,56.398505889571325,25.672494047074743,5.954477171110426,216.25078477203715,Fusarium Wilt
37.0638733015626,58.14292114045361,61.91697060948475,59.28529277588606,12.20496143947037,40.55554501022265,7.513428679256877,100.87290549044369,Fusarium Wilt
23.721105284859743,90.05945393729803,30.437608770386227,48.68819057178959,58.188766203093245,42.262185193842676,7.948964944471722,164.56833988104933,Leaf Spot
38.705602337518684,86.06495272646205,81.4478808499903,50.71666713748415,44.28360292630626,49.101467603628464,6.490624222722058,63.577817379129414,Fungal Blight
28.356032173582847,72.69190182764906,78.62567471510592,19.637358032270335,42.41799867853876,32.54207462546254,5.24392871864011,265.4806441256526,Powdery Mildew
38.40118463231965,73.85157892172327,56.885744651846586,35.721455692484184,57.338163461159205,12.942022425095985,5.3834523579072435,53.49915760388672,Root Rot
26.336773686243568,56.16177896896647,82.8781316535885,17.628973323800906,33.64648728010562,37.18227703970976,5.587774418864794,260.50547423093656,Powdery Mildew
21.15037486020316,62.9088639003337,56.60191063777524,20.310005081693173,52.52216518471645,22.314934177469528,6.036413681363084,153.9903663465347,Downy Mildew
25.313623719795935,76.66238304625627,66.84727891096225,29.883018387195182,56.155789560348815,57.658171715837696,6.119599377248958,75.50984853341032,Fusarium Wilt
28.662003330149552,51.78754186727211,56.46994385372051,23.556508195174082,43.249114722194236,36.97382707677504,5.1389914414497015,135.1056427092181,Bacterial Wilt
33.624747040096246,82.67332318545691,35.25957564497967,53.93403192948039,28.276509002812848,45.375444381878125,6.96311593222676,230.18502166580052,Fungal Blight
23.206742518718578,67.22238099632945,38.42260910240129,50.58663584594895,25.096064111505886,13.852268299222706,7.770098648696163,71.04557675540903,Leaf Spot
35.52743443170911,83.76293929500451,82.19765646074018,28.862223009730727,34.46123637138215,42.722743363716624,6.485269720775312,60.70289194542415,Root Rot
32.660720998193675,55.36701040535192,74.65298406077942,17.253705564838754,54.45267155797199,47.46558703782518,5.705755848882343,206.87301787983182,Root Rot
28.564614841442012,89.17491074198759,82.35395438408975,44.892832508369835,29.314616230161352,36.35428567645362,6.849379293256737,81.25111430186689,Powdery Mildew
20.088969349326092,79.65908246380425,49.94400332894389,17.626685683803036,11.260175304559324,31.311530677741448,6.147172457084803,62.78862903541223,Powdery Mildew
22.45925273095399,73.7168202572627,47.24222187380775,56.05493827961206,40.636599342809255,16.612850187449894,7.131861974050388,154.4717464591361,Fungal Blight
39.82571608799738,84.51080649308838,79.6933241086198,13.263286569169448,54.12677131107083,28.314945642961572,5.422478598449687,65.02979471001079,Leaf Spot
23.31952016519773,69.24818492638427,85.67231634782044,32.95518856596183,57.594183133320506,56.898159193306086,5.7192607279020375,159.8088951484516,Fungal Blight
25.321859843501507,58.536048349361536,83.06782836360232,34.8583069241293,59.114949955673616,51.82713308288771,6.752724680628535,165.95446492825934,Fusarium Wilt
31.15158577817547,99.97867202844063,77.42273972530494,56.97938622016121,49.10485238504048,25.57087795929116,7.357208291885637,223.84753986709404,Downy Mildew
21.256638854665425,51.30211859987591,68.78457718289637,39.29967160656619,42.82356028325586,46.58549056295822,6.227337770876639,130.1831945736489,Root Rot
36.41292630251952,71.21176621343861,55.71115401477012,43.89820059617941,13.518431163609693,55.80074256906504,6.846716260845035,164.49183995675105,Bacterial Wilt
25.87353926093846,83.46978245190863,85.17500440769076,28.06496890996469,40.64784226235113,51.851522624425805,7.369335105429313,166.13283324708806,Fusarium Wilt
32.46606957402884,52.92219547826967,36.63967247503328,26.468781900356145,41.92336134974052,38.45042271820391,5.87766002383664,128.1741023985802,Anthracnose
24.10793901127402,63.15887073825648,49.99985772739086,26.008239915141836,53.39318448691925,27.764505262259632,6.116887071380646,74.38988652693946,Anthracnose
31.33313523125873,74.45837257266537,55.212574921074264,12.69895372661244,29.27106943052549,41.62661453065889,5.7286955982881285,273.32854435451213,Fungal Blight
33.452011084901855,88.47445601189693,88.25772457209044,53.346939930626604,57.756819054563245,23.280805414277165,7.484567042506033,141.67588459790545,Leaf Spot
35.52181528516784,92.41975980439719,45.4681376292999,23.194101411741684,15.228957082112334,28.26726666684421,7.085906862878596,238.48803574514446,Powdery Mildew
24.198295865598567,59.01534773197996,31.660968837582285,55.07819607745467,48.17187033438221,50.5851677011697,7.6430503182261535,83.29813176672789,Fungal Blight
31.22584112932342,66.687744613343,64.95044405425045,52.2643851246587,17.094445103545205,53.41042113378171,6.231282653696369,53.05324417600225,Anthracnose
31.888322250899794,89.70401566945972,40.627480408707086,24.13598663961981,32.710022227020715,50.150305150986185,5.578396241928166,58.08622202128981,Bacterial Wilt
25.643854544904045,81.91637589073771,88.4553139181962,40.163614709413,52.02823387583812,54.83651246939263,6.1285017517049365,218.70275775729687,Downy Mildew
36.94093895655103,87.41996941044309,87.65956409018915,39.554649062793615,33.94328023339223,13.589332188192262,6.056552075938555,126.94576227916427,Fusarium Wilt
29.308843375209513,71.59321079730351,77.98927411289651,57.0664682671725,51.82616751351345,58.70326926541578,5.172185492275483,182.59819123963638,Root Rot
31.991595726336932,70.69512570326629,81.97508664176098,44.361953253061415,13.233510184404835,36.44661112914331,6.5161401253426146,292.5033209852937,Anthracnose
20.850022730860125,96.34777864429368,85.9809044334244,45.867721200742245,51.41535665875281,59.913496385300235,7.870768644572893,232.00209462904874,Leaf Spot
26.423700220243404,83.19980526804736,60.81730365846485,43.41396502789106,39.64655893917474,43.0823989139813,7.405920132635241,282.8598296594437,Leaf Spot
20.213485669953904,70.24057721930481,45.00906157761573,20.36397547141584,44.74691293319644,20.097614590766042,7.07095993280085,62.128103326535715,Downy Mildew
30.156399989633858,52.67769188012985,56.02967788194098,28.704816038070703,26.24548109076645,40.19435852023196,7.814690093497867,73.88314816762954,Leaf Spot
31.185163170187835,68.16084912072292,86.83792885515999,57.72076626913715,19.901132947081358,42.674998015547146,6.191811713147917,190.93448036917076,Bacterial Wilt
23.94418257197094,79.29189346744494,47.336401102724395,16.865926698463078,58.57828405466522,48.392347298636395,6.9168431338562,87.456980588499,Anthracnose
28.554961217438006,57.18697898746886,81.48516911220088,52.24292487223366,37.69370172259539,57.39701417393329,5.259000996404577,205.93171278295443,Leaf Spot
26.16638922445467,54.30167196511866,45.83072757298794,22.493979862838337,45.74603362301223,29.312252191321775,6.35482681479078,204.29421348330084,Downy Mildew
22.854707892057288,92.81465086238909,39.64828057124856,45.0990987065303,41.96772718131648,19.205965008406093,5.73794462484452,175.8709855849167,Powdery Mildew
39.33138193914434,61.621115188826394,44.8802567961428,20.852395137518695,49.9357734447473,47.28802173804402,6.216509246994661,164.12139109353726,Leaf Spot
39.8121734130475,69.63324296628589,89.07418967849242,26.89554506711268,37.205232200355084,30.63878123841438,7.706876965543037,245.90737157257382,Downy Mildew
37.815745987212466,54.41438462876994,32.43076594691863,41.56070845582638,23.20736819356005,40.486772746112685,6.716813744913864,260.99356289494807,Bacterial Wilt
36.85701544786852,83.25112853618711,75.06474719361435,18.528622319837286,49.00597562404256,50.87849876762069,7.288529885324612,62.89095562951725,Powdery Mildew
35.24049976988575,57.091474306194485,71.28805624018776,41.080560009625145,35.70216561052301,39.61844182813083,6.403632541375199,82.19413234790773,Fungal Blight
28.33787450026357,89.63385914735431,54.99403840597935,34.303095253641395,37.936622607077155,15.351005115758639,6.261746468305207,195.77302639144588,Downy Mildew
20.45054768767319,62.2869817910105,37.273143876085136,31.590434167810397,30.932952416068684,19.712996595439982,7.41840615402058,154.2894277205248,Leaf Spot
34.211652363116386,84.66596547275083,36.17728001550161,53.52980153262444,46.842380846060266,13.770116951315922,7.820254080746697,143.63673535445162,Powdery Mildew
32.90524128520853,87.15514717759851,61.66665082254209,22.50076884785058,44.53309218744458,20.48107833817505,6.1250420808844215,67.61593662820407,Downy Mildew
21.572750794365373,97.59916333691223,76.57693228879512,33.17137351907963,54.44809881611374,51.43811070943696,6.516725720681482,259.8297782272316,Leaf Spot
37.59627466231472,76.94112980325681,32.74845570703264,24.099437558768212,30.690491547499366,48.086592387762295,5.498564543548612,232.82329673576785,Downy Mildew
27.77978962065786,57.23093893605891,46.41841928388247,16.133418851272452,59.251376707954826,27.468748218482084,5.340314198001503,228.32786033136532,Bacterial Wilt
22.721313409770218,57.23132078074485,35.47994151707134,41.15825449152688,46.08553931987583,42.04062848265952,6.053239396067529,133.3695622563315,Downy Mildew
20.41258488422395,92.98389932975572,45.35827899561827,49.52775430384905,57.22859924491873,54.75862912802741,5.113175822244182,124.21704595912412,Downy Mildew
39.79944726247457,74.75910981979196,82.13852210033318,44.187525045023754,49.95721559263259,30.979726981660956,7.537083346121878,118.38126731406213,Powdery Mildew
36.73556051467699,60.3053633243591,53.497120664822816,25.23520535817248,52.662578355319155,38.12250014705679,6.372034613306683,275.3950517608994,Powdery Mildew
21.66283807874559,68.447496194133,82.89375738609604,18.866168585919166,20.758160415049872,33.1722705159615,6.221143612780671,201.37683080398426,Anthracnose
26.926539678349926,60.384418916636335,49.7013909547492,36.216574808773665,11.991744527627997,16.959925188562526,7.794781808835055,199.30148427507342,Downy Mildew
21.760942839107976,50.71205806421394,87.76817816017821,33.7833802974218,58.525876694866106,20.074827594951934,6.112894275895136,155.8721949006948,Root Rot
24.152308527263386,73.19367699667535,52.667927574107836,45.61419495836222,36.51384216579628,22.248393533350733,5.816437231218671,188.7754532475732,Fusarium Wilt
28.840714304413282,50.05071963339094,52.597318325833626,12.607189202772236,18.853373397405868,56.50132311775521,6.612398776077922,62.633820217230806,Fungal Blight
21.090008213269606,77.19490414349255,81.31263719363653,56.43293386378232,29.18479850334272,48.987047812604466,7.096102356817899,188.98534671393867,Bacterial Wilt
20.560330469811692,83.41712978439267,31.813875557121005,15.72461547701989,45.22772390403707,28.58039425804155,7.980830344430904,254.88364674805683,Anthracnose
36.16963851241193,67.63814784153233,77.48726868886388,19.874965481698784,56.258056787688275,52.005920121527375,5.016310285823415,258.4595199637836,Powdery Mildew
23.448163941295302,66.84113928155226,39.364007237646724,24.96440263657235,28.91723979576542,11.77096392773899,6.482907809706408,133.82611002372244,Powdery Mildew
30.859815689533143,50.38709664791531,78.3186309380573,10.35216418597922,59.40626139185642,54.46021305152441,5.401527084977967,179.80393378616083,Downy Mildew
37.82752404109306,79.58521511471545,60.67323125123508,45.916939558682195,44.816647139241354,17.04956088528342,5.9079969261644125,155.42672032422453,Bacterial Wilt
28.023001582037956,95.68249477908762,33.046443441294024,47.0530928370828,19.022217739833472,15.53522199974988,6.358166825140556,82.10765605616552,Bacterial Wilt
27.537244065624087,57.4630282938546,78.55515217655989,16.490249735942854,23.70358798892095,18.974718656940297,5.342108025382459,69.01769213874002,Fungal Blight
23.76131248238681,98.2617190511644,85.88763152202361,30.120668284470018,58.36833771077391,48.8246888185639,6.248750515150039,247.06768537475003,Downy Mildew
25.029568734365384,84.19379580068808,85.34363369508553,48.20792015954427,34.31159328176675,50.59918277891181,5.169192500090054,201.96485006308902,Anthracnose
28.54945420346632,62.95817615476407,55.113215195224896,28.92528847307453,35.54644228721551,41.20553457349557,7.734367444489832,80.50521301719458,Fungal Blight
38.274345743026174,60.191049006629974,86.79637253465711,52.37713347249773,12.870708495255908,46.779452316489,7.383383801139669,50.01800499569898,Root Rot
27.18601005938634,69.72340646189102,52.37162559728596,22.093598548504787,16.00216973607755,40.95227423516186,5.519424638760808,82.04312168848888,Anthracnose
25.788357376258602,98.20941256232656,56.88168713674161,22.929442834304915,23.6484923314935,20.23669816449761,5.300618387142855,238.7053368449223,Leaf Spot
35.44103884794707,89.24636260108596,64.87562178146297,47.146663558216815,37.737420816171365,23.364508258866653,5.689742127721676,246.43978290378203,Fungal Blight
30.2838841351586,73.37989536257228,83.8886556666574,23.377412943399094,30.918334541901284,26.59485460533322,7.414096894603675,65.40229493557146,Fusarium Wilt
34.223787712832674,65.2942497482666,84.27799482978564,37.52500666550101,56.007683480869964,13.393538239091553,5.310153113128987,188.3199350961517,Bacterial Wilt
20.74151391036793,84.96943163765931,77.18736372343653,37.37928747520921,25.807188673975038,52.17402824968769,5.544374198449687,138.5497006787446,Bacterial Wilt
20.08119346707922,88.92977872184642,71.23875169610653,18.81457360381207,40.37003302344086,58.54960319909524,7.232237818827066,186.33856887079298,Powdery Mildew
38.787798299479384,92.11159935636441,85.49995987661663,19.47047201197657,29.192237038241778,15.697310518348209,6.137627728510075,200.75961992438653,Anthracnose
26.13916154513894,95.08626150768467,70.71675789728373,58.253887252329605,27.79590100941689,11.428144414065951,5.744067014511538,61.017501687571844,Downy Mildew
33.024008837695035,72.02231776566103,51.02623319429248,37.43503439015964,41.154791890909394,50.10499929042864,5.106537054610622,69.96808156872976,Leaf Spot
22.602473765789306,79.30485920990509,62.52295318127172,52.96895372129101,25.798638130670298,58.137605552454396,7.1093452811805955,74.64682806736786,Powdery Mildew
32.33701843098707,73.72438036656064,57.97627446852313,35.550251515846085,23.857408842015673,17.321956070982072,5.780266774443791,55.138201390167964,Bacterial Wilt
33.37306829187442,61.819077732133536,72.54207500180884,13.487510308972581,20.564409634170946,40.41648154015428,5.104328712408575,207.92750975908015,Downy Mildew
28.707662225800412,81.8430386445643,49.559017521561806,10.538120156902815,22.146933433513986,35.47374008485785,7.305307839614774,194.41740925745705,Anthracnose
39.932477203706206,68.7525416283689,56.00276309294602,12.084696978315359,43.83620729571612,50.847377134698476,6.595531566031451,219.8532984466437,Leaf Spot
27.81000583488128,69.77621835000537,50.387201401249015,30.099974159745575,36.38193951725338,52.11292364883323,5.559478546470629,271.59721000860384,Fusarium Wilt
20.665631607214866,61.49305112522569,33.59615095755065,24.98549802971393,15.785691530340708,20.55049373299628,6.386931028688268,245.92143762738084,Fungal Blight
34.29696679880301,74.19407803959524,43.78842935702258,20.54255271289862,10.579492438008417,32.6175191075292,5.523094066925129,54.26728790910016,Anthracnose
23.320679996123495,67.38311361572762,47.54777958985127,26.044767488331647,29.418838624398997,20.570736320675223,6.248924022994878,168.7280370578624,Fusarium Wilt
22.777408524154147,65.91041698101118,41.202118020375096,39.414328963075434,31.97387622028728,14.320204186410653,6.538192014651186,258.46085968700476,Fusarium Wilt
23.772150708233426,77.23773692383462,88.29809327280748,46.793762738409484,48.4457703103918,10.485436263331584,6.684202295300261,168.48368003791205,Bacterial Wilt
23.650214867455173,77.28463058632263,46.489048392305634,16.68629186936164,25.837064428973935,25.06980728434416,7.253289394956639,202.1834218679326,Powdery Mildew
28.09791106516096,73.86135181759641,86.1996641051156,51.10365968426785,49.104971821607826,12.082001993599718,6.029135992252002,207.14809522962463,Leaf Spot
27.432390831090878,73.57375294300999,45.848333842616206,54.89849246699353,36.00741038189072,32.547405506552344,7.372463830308185,134.94108019545115,Leaf Spot
24.38101547856732,80.26777845607599,63.221725997450655,30.604448089355376,21.43332514394966,47.700057372311,7.955353604972032,263.63047037873883,Powdery Mildew
38.51582559073506,67.15059685422119,85.59485431816479,23.244753064360857,35.249701419512775,39.98345501497377,5.975663731503017,81.6816915704429,Fusarium Wilt
26.50547061723838,60.97180830016939,85.118773974047,48.20956664492115,31.527602310665028,11.210396621406751,6.7027050848488985,201.8672472116181,Anthracnose
29.69352160663673,90.60323693506786,86.53429057368083,46.83213367040699,22.760862576471443,26.54021754719227,7.080094182306016,171.63438950495234,Powdery Mildew
33.712588023124475,92.44479209715149,52.76261449553806,52.64944515882504,39.82014304949681,16.646226130714812,5.819575651305921,212.50809411881258,Powdery Mildew
26.760828848344598,80.38340435156572,77.84482099515697,56.74923385019999,49.266835243337475,53.67011568458316,7.995222279120592,56.942086218292786,Fungal Blight
20.161373341232203,82.06503278830425,33.36530930865002,40.562414569449075,16.781159685869923,36.644498901475,5.907068922809039,239.8112619044123,Anthracnose
38.31983653235416,90.7018563026707,74.06177294812227,13.062496454334813,20.01573364740991,23.465811756101033,6.348145909375411,170.00500347964356,Root Rot
22.29892745730696,87.86365628965252,86.2415373081152,13.111931575698168,33.86129169568838,48.90133659900506,7.173065171070522,142.61170434257764,Anthracnose
39.45356015974367,60.69923705410275,53.13457877615261,15.14530406709529,37.37862797386952,43.95008406550976,6.932518686183657,175.89599353811894,Fungal Blight
33.788093695424095,82.55758715636753,79.60227928427466,17.177090125072645,25.812556491694124,24.032143780988697,5.1574808878862335,154.34764670344995,Fungal Blight
29.72731714570156,71.41973599083794,75.91468929165032,44.47710623747187,11.294377649005297,58.489138486908786,5.377617153527514,187.2478492852989,Fusarium Wilt
27.949102981214633,85.59086717179432,84.98041918011097,26.734435042376596,56.12935779744229,49.16651332820742,5.18978832335179,114.25156015217966,Anthracnose
33.43477099882396,74.80334486529912,73.50656640101147,49.936358882576094,34.85330323767192,39.72035009024678,5.4231629627157645,175.13406781798312,Leaf Spot
32.66685269681734,76.80676412005047,66.91552290373329,24.10632110745766,41.70815594800196,25.80962619891595,7.84459777859087,256.43775126795373,Downy Mildew
27.43514882271358,67.02930770893812,46.345792087325364,41.25925749957112,47.59353872476059,40.21890825013112,5.759173122101,194.59472021996638,Downy Mildew
34.44108480911994,87.30885232997832,37.99878822650634,46.47610358098224,47.28194168932063,15.55127953796406,6.600586870751954,241.57916458556485,Powdery Mildew
23.48557196424242,92.47472294631831,55.10115857376178,40.77436424112797,23.64958156038942,49.76626583907312,5.93958637669839,192.11248833528185,Fungal Blight
29.855276507944424,84.51261240937455,62.53766497929475,44.442538685996155,20.266054054381108,22.931638612475954,7.937680154501477,132.08162548894228,Root Rot
22.59755652238934,75.07255536902383,75.3716800969859,26.81134767561022,14.953878269537555,17.264991098893177,7.854118580793826,198.78822097863096,Leaf Spot
33.58545427927551,50.2476791782651,56.80501342812285,16.680303289107137,18.269346682574398,14.766827531306017,7.780446525353089,251.17652982121146,Bacterial Wilt
22.181816373692826,68.79118136457998,48.054721337025015,24.644003951109376,18.425390032904257,37.17044740084929,7.948453610187515,144.7815406452238,Anthracnose
36.55459390825372,84.28451170436328,72.19647092354057,38.92268855659614,40.76913254929678,55.06467013572548,6.818278159564842,63.775202545843634,Bacterial Wilt
31.41700495259383,91.59431766650778,35.48375051438835,10.877668442842673,41.37017821617306,44.69976623670755,5.359715653075888,281.6550021394853,Fusarium Wilt
23.227448239309126,55.41152742986795,88.31481709682434,57.6576038234194,15.751883219922282,32.55425453273399,7.5508991856159176,152.77273534796407,Fusarium Wilt
38.09418448675664,90.26297410007265,47.944889179642146,55.240747069085934,22.198378331442438,35.24108200644607,6.872612740723351,95.84710235569378,Bacterial Wilt
22.946345379599624,63.334284709752176,37.969106539945216,43.773427131172,52.117618584143635,17.215253345378947,5.26676874877559,100.82216535337625,Anthracnose
23.698133253620043,71.00818261794514,81.8073679282374,55.04776355058443,20.99529934798035,28.404090455971712,7.433240848353803,176.01624143548105,Fungal Blight
31.69500505683746,81.2505433283176,79.52920982569827,20.27885788845947,17.284391973550786,15.779399848245475,7.731431421902215,159.20426500127462,Root Rot
35.40261041257534,94.47738625136172,71.55362208394976,17.865449418963255,42.973922567994926,52.21435519472021,5.589192712411591,126.34613080552502,Leaf Spot
20.179164824141854,72.54805652860769,84.02948380452305,18.949180556566905,42.43179031619383,44.90069872460079,7.111480970428122,268.786354843274,Root Rot
39.011360839574635,76.73287620787877,48.0108649831389,42.1372310191297,47.3915949666185,47.583231861301115,5.893603855241793,240.9224281985401,Downy Mildew
39.55565949414978,65.78393065741277,84.05815152815208,44.84889298365149,10.95136487249164,55.870987476500375,6.214163255605331,222.1674498402103,Leaf Spot
27.923621606337566,52.081058078784594,86.89668505179705,21.865480165414855,33.816038058814335,28.22657823272571,6.377890543877236,69.38837900121904,Bacterial Wilt
33.33078162171872,62.937706337448454,61.48364890603439,35.618477850095786,31.82817296350599,22.956809892942257,7.5620537494302695,81.09115595444678,Bacterial Wilt
35.94130060511485,89.51598007484641,31.53900907007255,46.329758286433126,29.14092376362664,57.524028287678206,5.419292079040249,247.4295729379346,Bacterial Wilt
35.9024786854003,59.57254125771437,84.41841139050376,43.40138413485283,51.82396030088194,48.66279748615088,7.424313329001793,162.3962156784321,Powdery Mildew
25.721879761459547,66.09161584880351,83.15889751992685,10.925326563777794,55.50717569703738,12.308582002524705,5.866296505366517,237.64621491694476,Powdery Mildew
29.012513989602027,51.02241355494292,39.469147040148414,40.483310093077904,28.44976170048973,13.917169663659658,5.468415977382815,209.60925537170428,Fusarium Wilt
20.990870736440257,59.62737575186204,32.07491739827263,55.88892524266976,37.90592345272222,59.76767942328786,7.155348619025052,125.6546365086398,Fungal Blight
28.112524456237132,98.39314318038556,79.16386625886491,22.514579329872,34.596332188166926,39.43064386610432,6.160374519358543,233.5504689107505,Bacterial Wilt
24.916511018258525,91.74689786149632,84.44994794595974,54.513126287074236,37.894352541400146,36.436489950779006,7.636400257797372,80.91237678533709,Fungal Blight
23.44319112497208,55.09999376004404,46.1941635381537,30.110091143190424,35.00364694562156,16.029261270013414,6.158353163184305,155.8806367860047,Fungal Blight
34.7105303148564,80.94955433061662,86.04217596537733,37.99146460782217,41.97783641005746,29.930585980717648,5.662623488127453,102.54734735315441,Powdery Mildew
39.64028969841891,68.19049375132455,72.84438318582085,10.897373152042375,50.063224367134026,53.00871646876082,7.333786158226426,169.33782513604976,Fusarium Wilt
39.739442217513364,77.17615049601476,88.7902684009554,41.36046093759107,34.3668064534486,33.33636488979835,6.830318690536113,104.72973450891195,Bacterial Wilt
25.125167971914955,76.84861827946838,58.01304621739483,37.46255873887466,15.44347399509222,56.26942836367097,7.686136627310378,175.76397040635982,Fungal Blight
22.918112669583564,53.3869550810609,83.09563832045677,44.2153347050746,30.542330715208234,42.07601776398407,5.4512809421363455,133.95260248882965,Downy Mildew
30.54299397861408,85.88741498008267,69.7021000310399,36.90600947054254,59.33947327933781,57.19520993630233,5.314727128815758,53.5599926242588,Fusarium Wilt
25.391174800967118,98.45814009646412,41.910883004475174,53.102488213395,32.95010103519623,18.168632637730298,6.962180947094227,69.0922170223029,Fusarium Wilt
20.487916273799065,71.91740724848809,81.58367047262888,18.754288287459218,56.460419564614845,43.49586120873001,6.88270910089032,291.0391900083184,Bacterial Wilt
33.59581375551975,57.923168630366376,74.24731782269635,59.66718401901692,16.040527528392523,11.996049620376706,7.144084898855774,135.34165871201714,Fungal Blight
31.805483806521657,86.5236368728852,83.96866515928127,59.85375805102371,39.90287772436455,47.558428189479685,5.485942339831002,167.43012355571489,Fungal Blight
31.427152866072415,67.72999967941284,78.93556562162493,36.23764362717144,34.9693036831117,25.49159228966922,7.143845503000366,272.635368635952,Powdery Mildew
36.30408759908752,74.3995553194209,76.91435698622686,44.740255076483244,26.870843231825468,39.84836586308357,6.142271748755087,68.55085192617004,Leaf Spot
21.748797716163782,74.80616908564951,34.71661575426224,52.702544986846,45.622381294906845,45.10820153393328,5.311408552924451,85.35309655896728,Bacterial Wilt
21.8387123202013,77.5885962264418,75.27590899560565,48.672357741771364,25.68509058940088,30.364403708144934,6.417014536216659,186.04758475410665,Root Rot
30.22306836611925,53.242131858115314,53.508492421202405,50.506148984046334,10.244366517830235,52.48566604899055,5.738873214527192,78.52281598069969,Downy Mildew
38.32474615442074,56.31391007768317,34.8870465696487,34.765656935268495,34.12434952901637,47.95774291643516,6.301583562074299,226.5450242944147,Fusarium Wilt
31.12532776638715,82.4868457876829,44.680339357147524,25.7710018970568,50.983541990479935,10.245996549188288,6.215421605800131,149.1418895235511,Fusarium Wilt
38.658673622331165,68.33205664605808,69.86727365815688,49.30059136647689,29.08748943894504,12.103312932426228,7.755099049985718,223.71001453019772,Bacterial Wilt
31.489826544188308,79.09613621586855,64.22948081356151,13.594676174782279,54.960232334914046,54.27863227011476,5.328025538791425,265.06072091700594,Bacterial Wilt
39.773191822179825,72.06664966537669,84.87384290404917,41.46345465646266,25.276419961879824,39.20461706948822,6.5086278806369045,56.42115685193345,Fungal Blight
35.07142382494147,71.18854088035164,59.75182026999051,51.836701773930145,40.29910466296444,42.83055024373923,6.39399433476803,160.73382371251142,Fungal Blight
36.981528339864965,95.09797672882215,64.85968768807439,41.91631527447238,46.800653133440946,52.678590340478436,6.1707141193629,266.64657101638204,Downy Mildew
21.046302712171308,62.2649897012589,75.68809262579944,58.64157690498478,28.65956453702819,33.896831829033445,7.938904636092063,261.935016181202,Root Rot
31.69726424427687,98.22084909721525,43.25166128726684,29.525814417953395,46.572333063798986,34.29717802367379,6.162097585120542,252.8560685095263,Root Rot
36.31768295901336,69.95835215399761,84.60579795020638,13.469383370008567,25.47683913351782,49.42120950105699,5.251856374808442,136.11238661158774,Leaf Spot
22.751386753214643,93.28943153896526,80.07095628110622,41.87451832949812,10.562829234518325,13.518884238795684,5.008945190012919,253.70389440809888,Powdery Mildew
21.281583623301042,80.94024044475562,80.88087328618681,18.185249010262186,38.70753278548298,26.663936012383356,6.608569718592506,219.53695582146273,Leaf Spot
37.41312825283748,51.00236107313205,81.82228277378951,40.19082940241908,57.5438351778305,32.18904040720179,5.8646750193135,88.68065679121369,Leaf Spot
21.017116228187906,73.280523379845,89.26695219644627,17.859276875848337,26.479811819076932,24.898842461713677,7.656204045789083,105.89174689668208,Fusarium Wilt
31.30080366734323,89.64888859175849,76.91344939479623,10.695698218469026,46.02738809521647,50.49403870691528,6.041242369933201,69.2609349050016,Bacterial Wilt
37.552973646593934,81.9978514087593,57.44093263936247,33.746461097057946,30.428319698819436,52.87177345695669,6.560266684157078,225.13486557035296,Fusarium Wilt
35.755827009141846,81.38586362201171,39.56126086517466,39.68794237221471,24.493967219468757,56.04475604112965,5.554842882907849,287.4671262083143,Anthracnose
31.384120841024092,65.10853347617456,38.070479552865216,23.36160551610643,34.98952252230365,46.39371307376993,7.391700506533665,76.69138697513024,Fungal Blight
27.624325400410022,80.39272130858448,67.58002299793861,48.96537958474666,20.184325833565538,55.04980496581709,7.882236908919565,51.30909971101823,Anthracnose
36.24569301625992,55.99088966047033,35.57565123264254,28.76814575897014,44.67145520638335,48.20605318571836,6.228313849091208,70.67959820982992,Anthracnose
20.252291703713475,54.993311371431226,62.24304029831697,19.719675923551108,25.87097727664269,11.118896470451268,5.265609170576665,172.32050711132788,Powdery Mildew
25.78047394143433,97.41612633754485,52.01561046343218,42.28163310258662,52.931349220070366,19.061033599093093,5.878338054814652,144.80024438071018,Powdery Mildew
29.35562406342579,94.43138073673313,62.74528265704638,38.471423664347235,43.07744300061014,19.713835428010487,7.486955723865485,124.97719674001941,Fusarium Wilt
24.773367511433307,74.0393042901719,74.44700992566382,46.10466779170865,38.09314730993567,32.915699941802785,5.863982071011328,64.76553011900539,Fungal Blight
37.8752325375527,62.627079454794554,38.22828229807866,31.50629944988417,31.324339355484156,23.698908123968543,6.368031560033598,95.76303752347152,Powdery Mildew
28.230460424231204,91.34566516221213,66.99910961698052,10.926372423065308,35.884385486134626,28.451787096116934,7.271948814195552,85.73699786666442,Leaf Spot
21.522410370428254,86.49612470015677,33.400933779908954,49.19059429236882,46.812153923643095,16.04157097948947,7.835603342657588,180.38737264660477,Powdery Mildew
28.919181877962803,75.28842093049815,70.04577966206752,27.858614757234903,20.15537344838721,56.20159139751463,7.524550553428406,140.81472612891793,Fungal Blight
26.797744487539145,92.71766386638106,87.15632361962915,34.72034113417156,50.176018642788485,54.95736989641592,7.125739365552777,200.06508519742155,Leaf Spot
34.32352372784461,79.76151881446356,74.79370870429707,51.19456625217195,26.376712052963438,31.40277316413241,6.430327579589278,152.6004497868418,Bacterial Wilt
32.885095593421546,89.32082244979438,80.51634561662675,56.76173388419963,21.150743780356763,57.84211131523615,7.413891335068125,193.84665808091466,Root Rot
33.98830620307358,51.89922366206227,63.638179625631984,30.12782057260585,52.542234327926806,35.80449917429173,6.286414825911627,75.12227464750033,Root Rot
37.14518327599687,91.6983508044537,88.26913274871188,57.549877724182934,38.13029988475258,10.601860530585691,7.667109762540482,181.6506995203821,Leaf Spot
23.041697011767038,90.76633078176869,58.14870593057796,50.79012234097741,32.78112092651294,52.85978992199982,5.298186065413111,56.46982181029962,Fungal Blight
34.227914347148754,76.56351807181514,54.19863847890965,28.286709112208605,42.84490033554505,40.25700493124841,5.3004415167249705,138.9085576513666,Downy Mildew
25.60762222553335,78.00753802683812,40.759865360359115,53.035105705006856,24.500263036048967,33.31892516900152,6.501932973710847,212.39223313035703,Root Rot
37.65279742666927,90.85546764069801,34.95288963653889,59.91822441702596,13.004312765773005,39.030619187618925,5.14739196716612,263.78539432832616,Bacterial Wilt
23.2336879079751,79.00507719562817,54.577827046652814,13.64619447111934,46.07721643386366,10.913076755940711,7.30294619405698,263.21439174470584,Powdery Mildew
31.192351305634634,63.37457956173274,85.89941715105007,59.34861221302402,12.727766893403643,18.773975005892087,6.319178672206164,198.0058713666471,Fusarium Wilt
36.64069495199956,51.02147740424358,54.78570570778578,37.91763254654737,32.94886416818709,52.614217613629776,6.242857412817387,239.70753727483554,Fusarium Wilt
28.98958670459625,66.22470267332866,57.59628456179631,44.658089554533625,54.54732154850078,55.99520009067376,6.754974865687521,268.07212413913476,Leaf Spot
35.7330641553951,61.39986662378511,39.48923930794961,35.49734695305332,43.58096461838358,11.411979450687879,5.844982995019775,218.31866430875374,Fungal Blight
36.27769077228355,85.53421588192641,84.03163564391821,19.87348069129888,13.777347059923475,43.2141202829673,5.510637183090374,102.78445823773995,Downy Mildew
30.157769233020346,85.16187903151145,86.10372039580187,34.3487879930231,16.511911688887963,14.47104722326024,7.504073889322839,130.93604856185834,Root Rot
26.228129984773666,75.05879806376393,66.25357498153683,41.25273362709049,28.06481628781413,58.579578349891975,7.156789932182507,206.06793222559676,Downy Mildew
30.844240472972366,80.35180072414738,37.26028495924451,58.67369345176011,45.58605528443161,31.89977108344995,6.064787794529124,293.3743780607439,Bacterial Wilt
33.31157763102749,85.09349273068074,39.045000491325865,23.898217887414695,20.73272553588915,20.583953218411317,7.182653033847648,255.65545849529212,Downy Mildew
36.06995740481905,86.17132454437731,79.46498909125856,41.69906024747638,42.882374767325274,53.87837427115292,6.456326394301227,92.73938880174634,Bacterial Wilt
33.29826838404642,84.86650004453755,39.97488200092164,24.139204191687142,42.6321926036966,39.7910534148617,7.001364871916561,278.8271593903288,Root Rot
36.13125899600473,98.87614985725764,60.21987276003725,43.753909300325574,43.0851549681847,56.86744229850345,7.927241410082893,234.94723564522053,Fungal Blight
38.78519182036584,69.63903134285013,89.42300623588609,17.21684470018461,47.48675059327755,40.4801997935985,5.468895269453668,294.32227372867226,Fungal Blight
37.58646762183373,63.14616388965089,80.65103446002112,14.105265601954544,10.400994671151967,21.96271077666696,7.365097307372443,257.90322216718084,Leaf Spot
35.20721442249278,98.14474319592034,59.03941659294017,26.90663047492127,46.33240122772608,11.829161148670643,5.982439128299044,284.98699438164357,Downy Mildew
34.526705852435335,94.07044881162247,33.489163567773105,17.095870332714288,13.273175402006451,10.819729637316241,7.008031747405931,137.67832836130106,Root Rot
30.468921016846764,64.99336236400904,49.87861497822648,31.965686390914847,24.99753885932737,39.19451836787438,6.731078799369495,268.5904270415356,Fusarium Wilt
28.906248207679162,94.50391323076352,79.06290539646427,52.85577069686665,25.073903463596505,30.199483337638785,7.318578730262083,57.96983803712079,Fusarium Wilt
37.3393072970185,77.38131072720208,66.93375473879374,19.756619422785306,10.782979738585915,13.650598227527574,5.938505186758089,284.029333717489,Root Rot
30.43343043019635,84.45437716712112,84.69130101872805,20.916496903091744,24.849128140045345,50.90872826839564,5.267083431888285,252.6411662058157,Powdery Mildew
26.451038880765722,96.78469376030608,52.80597072202515,27.240479814957705,27.258047519693033,17.261478768925638,6.057115565137215,201.84559456014773,Powdery Mildew
22.223884842354376,59.85137996262658,62.03314461030442,55.105656083955154,20.140354461886588,16.22781586684199,5.828203627272103,83.46876729203296,Bacterial Wilt
37.73413655904428,63.54033039739079,79.92242261199148,32.307438260095125,34.00653219443936,23.065732446701507,5.147637081696459,211.4324287295066,Anthracnose
23.60605511650594,72.51983222316959,84.93820701652149,14.249232132327457,37.85127812001761,28.829842521033324,6.3773293316443365,266.4628284956574,Fungal Blight
37.27265855156759,51.19138021938238,61.418435939661975,48.64600743771808,44.25845407647836,33.304807383744716,6.971229695906347,201.7909974097593,Fungal Blight
26.558440194738274,85.86406403705351,86.26168589537296,57.23681051848774,29.894286205705917,47.36107696654248,6.664870858064893,145.99761496342896,Leaf Spot
26.193058003985634,69.18991642743315,65.9908813028163,11.183892631341477,17.532921549743065,22.773086699731845,5.787512699336632,71.94811259133402,Root Rot
23.348051495506315,58.483420564353274,71.95845835152579,38.988131699376964,29.935975803696042,49.4601886932777,6.454917477168566,119.58681987667828,Leaf Spot
27.981215877344816,54.02231112684009,40.702114487585945,28.976667590276453,32.959431492313314,47.26024896496694,6.908773307901203,84.6256076536493,Powdery Mildew
37.91484243587378,64.81784238718609,77.38034436293009,48.534859679669665,17.94269787643273,56.44090157013786,7.60792162691166,213.57668829082112,Leaf Spot
33.3215043610366,94.39552495378001,35.95797515512637,13.72834720475797,33.257059326476835,21.110500263494835,6.846177174998036,64.02545755299923,Fusarium Wilt
20.101405104904586,73.73819613581702,49.322497961087905,17.430736443323205,37.433920636700094,58.99550022046632,6.107848549080189,208.86168224834785,Fusarium Wilt
26.61392226144607,99.97931391578376,55.96383541172673,27.6664962672697,27.873423776886504,22.888558457778554,5.828345519985952,117.23718260166756,Powdery Mildew
23.767675798652295,86.98353872145115,65.96826378101933,26.263755020244936,48.678907016484914,47.49882979738652,5.113174600468676,233.56026858355415,Powdery Mildew
32.68784804954842,72.68310298420577,82.20811766282209,23.385127482496383,51.297100192596304,23.724080593288505,6.189700092243134,146.49780965647096,Fusarium Wilt
23.418437668084767,96.36128030739687,89.18656143071416,22.69013307282565,52.67097343167196,11.287451112272159,7.469664340235032,194.62652353228805,Leaf Spot
23.689186162600716,56.70605499383781,33.146508536638464,24.29515994710895,22.76298218880818,56.232484569763336,5.184839308169133,115.58777720307191,Downy Mildew
38.84475947475432,89.46869548833001,41.30510579603484,37.263687062272666,48.60488102317229,51.30811327697926,5.721721006930833,288.97295021019727,Powdery Mildew
34.349346778080175,92.3535427288628,44.162356961027704,40.673435541611695,10.691979946826283,48.956098377514394,5.847230147081094,240.55965843470042,Leaf Spot
28.97401436423876,58.238924255763635,38.82287899326646,16.347533596084293,25.49335375181548,30.266639138548292,6.849551066184901,171.52227291860606,Downy Mildew
38.3334628356221,53.244415936752894,35.86798002813397,19.79496482943418,14.22023105615712,53.978522675133,7.737087764434357,156.32614768941636,Leaf Spot
34.844902278091126,55.85806882480561,49.3920512032055,50.647981937957425,10.851725501166467,52.03704206019634,5.163578180343765,88.5755620537302,Fungal Blight
38.401079508517654,96.37498326472823,53.99685035014146,34.302005743062836,48.80172272614653,35.37269110470118,7.21132311197907,79.97306933502448,Bacterial Wilt
27.145918224078514,60.33606661199872,31.54339353097418,49.97413642758731,52.0786313363858,55.526293027212986,6.7636786408574086,213.9395294979123,Fusarium Wilt
36.04131488560221,52.93694394624369,80.61653284168197,11.65847907609345,37.03786506823044,28.034489536978842,7.195862661876967,142.2352042140302,Downy Mildew
30.906486221551578,84.7510335635277,89.98500554690966,27.704229363017042,53.584804408138325,31.018803625019167,5.16060872180191,292.29537030353686,Anthracnose
38.02111885447658,65.27368820873302,56.126636992705485,25.2679396831343,55.64371154207662,28.87252912418201,5.079962525972817,110.10687343603583,Fungal Blight
30.663627441992148,86.81540912607079,71.58828249259194,40.981856289888434,12.390150417846144,13.447115998632244,5.156745591117184,281.9888451503359,Fungal Blight
24.022441480795926,84.95049902885327,62.909965415943944,38.57368018025362,58.34185486065754,40.63750019856853,5.204925899012734,185.0462294731074,Powdery Mildew
36.39460094071673,74.52833734743221,71.99960362642743,52.076503272326406,59.82551569040664,59.70696561809971,7.919303133903396,114.69930050088016,Powdery Mildew
38.29828509599537,79.7234536659565,75.76180522722565,43.64812057380915,10.333891833642147,34.60279550862495,6.050600041823903,176.12639750325144,Leaf Spot
24.067064178094018,57.30495905693987,47.025108746669275,56.15480816798364,41.98988636669815,37.54953507286436,5.215427221967306,193.06013281452198,Root Rot
29.7822413104646,87.24573411869525,34.69071104571432,10.709804257983038,55.163281676578826,55.473155819604045,6.18499253711043,126.07669809124887,Fungal Blight
39.282911004906566,83.62253133465788,43.182849656085025,28.889238432689297,41.678134112717714,46.85391826512686,5.21967029490291,299.4068128741952,Root Rot
35.33501494569221,95.028031626189,78.57942656932886,22.39203374079404,41.70977036487529,23.986400976921885,5.06337353263236,152.6534415883657,Root Rot
31.951811924966375,93.71707418568732,33.50780522580103,36.69466693730954,13.214458985417302,59.5368871546198,5.153584970541976,124.59046707266789,Fungal Blight
35.200326159852594,56.990814091242484,36.93562978409707,27.306480093625133,33.77239659516559,23.560680826004166,6.275782229427248,210.47399478488956,Anthracnose
30.05038565541719,73.90757652030051,42.65407642903207,53.62993577574122,59.14446348603841,32.31140820782638,6.41961894789401,183.93402366699019,Anthracnose
36.406085521372106,69.3926178869165,31.401175299209953,21.640492193447947,27.993683635303448,31.448709593255018,5.65215203401873,228.99105850274753,Downy Mildew
29.823169188430523,69.79579146499856,34.577438499678145,35.33590288321393,46.305946982437284,59.4378382112216,7.917530886812106,181.7697030946849,Fungal Blight
26.098397439736708,51.126531349677485,76.65666897836863,30.130374763879942,43.19919731446328,19.99815677534434,5.653185117482778,219.22664870752448,Bacterial Wilt
36.805373963377235,65.01669846346644,33.076473536169914,36.36697934336655,32.11214659299391,59.20550590905393,5.832962583820906,65.91633957135305,Leaf Spot
25.20991636568271,60.053458030576856,47.40985160429939,25.0582265073691,27.599820030789203,58.34954618518038,5.407410267141533,101.30302007901341,Powdery Mildew
34.01832881093519,53.27945574233446,64.02718271947,58.839251180554285,22.25194551172534,12.34354185529979,6.277021988335436,140.40966511803492,Fusarium Wilt
23.640648575106095,92.30428078687052,40.76135221843519,42.95180700620215,10.230371912554794,47.85573040474286,6.1296808560233345,182.56622673877038,Root Rot
37.08079804649441,99.94353551536076,55.20035861303366,42.32888787572399,17.218705076671036,29.86808224686444,7.046002855876927,265.77800133279334,Leaf Spot
35.6670262805319,83.5131229318823,50.44793787695285,15.625642238116985,53.35150011463561,17.209325942046984,5.469041878806071,85.56329394141488,Fungal Blight
38.890660407424974,80.36769649255962,44.519848291422534,36.11010054627354,50.70874742763848,45.28416171670405,6.348080037359552,293.55278901627497,Fungal Blight
35.80714775690353,87.23301624377034,35.71271564824319,11.8390698797338,48.46764511023069,26.304352707863323,6.868790158883243,270.78557765338076,Fusarium Wilt
22.06466216479613,81.31829936468509,59.00629809655446,33.798685560167094,12.885827230037751,20.285124240860394,6.926188574953633,236.71387994435798,Anthracnose
22.471791702607543,70.9845029840699,87.46424827460119,12.00037883730228,11.249959561690678,27.60317332806703,6.22107162119195,148.05464223095657,Anthracnose
20.823199097092843,84.88171183743557,56.964856039695675,19.09584148142073,25.78497605367962,34.53965867950073,7.610973971379224,293.95216396770314,Fungal Blight
27.137548435659724,76.52549986071105,67.53117589975143,25.01351050594054,36.26181615475298,23.098326793885064,6.048987844838586,226.61118445544085,Fungal Blight
20.13522726128692,85.74521989691772,76.24539321089645,28.84289446759434,56.98234648362185,33.25047571837672,6.8783332264794845,110.81432039975249,Fusarium Wilt
21.666045562550092,84.02391970410196,62.64723000627185,18.154540443340647,40.399457746605634,38.3583642022339,5.500326376260475,58.03783401782579,Fusarium Wilt
26.184996628694705,67.24757803597936,36.682456076441994,17.777208317326334,56.30061307202979,46.92436599308312,6.163738215821716,257.8272876607065,Leaf Spot
33.31348850194476,87.90330128663274,75.33013145642738,38.99209010424285,36.27893821040357,25.900126950809636,5.066598400089349,243.2165194154342,Fusarium Wilt
21.447936241394668,79.22616198428176,75.51275143383593,15.346136203225221,33.005554180588135,18.24552796713398,7.488137415426801,217.2217021026418,Fungal Blight
22.766204037682048,89.34318436589402,34.71503961034509,29.90236294170838,16.008977579027675,54.69919788588095,6.188363491869746,271.3037012578218,Root Rot
33.47275695557327,77.6970561710889,68.96246476291401,44.71109563694619,51.45771766469878,22.924774041984215,6.052937259737364,186.3835455210229,Fusarium Wilt
27.71103738694411,53.50243929622128,52.74400299962929,10.059491954094426,51.243842586397705,55.39785282812177,6.378005362098122,202.1363009702787,Powdery Mildew
33.849308897680075,73.81613913214761,88.54962336879402,41.08635681480679,43.55673530402802,25.527440843036736,6.8627865904675485,255.04334759020458,Root Rot
20.26508067310195,82.81907314955036,38.568237325577094,57.24005758699496,13.988988813176181,51.352460452501795,6.7002964824852045,172.45845440877324,Fusarium Wilt
20.520721048962177,74.26121943475127,64.9415477162907,13.259043881553897,20.006793739271238,33.64083926019407,7.860034983781261,283.7307877102045,Root Rot
39.155793192686154,71.65468432236459,43.50268154183364,55.32626216193436,44.23948724068852,35.14042954549119,5.100346863657813,139.2254358520447,Leaf Spot
35.50536112809823,57.978935565955105,32.29046352948449,56.06486133666309,24.016491018514742,31.244098004940486,5.600518239821565,60.43115232206229,Fusarium Wilt
22.54648747186874,88.22547335170388,63.518567879168835,28.15096826271129,37.21418889612389,28.91251778509007,7.593315562510543,134.2334464221644,Fusarium Wilt
38.48522853489973,67.31579630184636,31.009441794327557,26.550485450032415,32.10603189961702,43.61810330688814,5.618652448861889,197.91065243120852,Anthracnose
37.23462438342868,71.43828136434311,53.47873075099315,54.96476347660137,15.443829864291793,33.778743644862004,6.6085033289534385,241.40874842731458,Fusarium Wilt
20.337506497847,54.42439289523863,40.52623491459711,43.2526538248141,34.17800771513532,58.16492638130242,6.5132354188994,178.1942466703751,Downy Mildew
37.45163446594127,58.37306746136319,76.34813156814835,54.08740265124608,27.851004412505926,27.122009128765775,6.432620357758098,185.35876658287663,Fungal Blight
24.145979509301142,75.37783086680123,35.772242216038045,22.91698909048833,40.60057978913825,35.10736554874707,5.351950831168992,257.21554719037016,Downy Mildew
38.65540693910852,70.04920809210553,34.81902649976097,39.127619149736546,43.84920946648763,49.96548509396452,7.321810773107026,149.48427098076303,Downy Mildew
33.077134323015954,62.669578445855436,32.00833298266056,17.543459755708653,46.10904080110957,12.267999547450849,5.138009723400133,67.92163569059477,Anthracnose
29.054622773965477,87.40102976208065,32.9787778638826,51.349833545065,52.00634851300145,34.795522006799644,6.613785765074693,192.76188978647446,Downy Mildew
26.42597882310577,70.01014081057193,39.45522661614367,41.2637643932421,50.018625337953026,34.25115300525556,6.532301807279033,240.755756845751,Anthracnose
35.581313381152725,52.3252416453613,31.169998981921502,32.08491630181677,52.38074841174851,16.654024261342066,5.552376416184794,218.71820129391796,Powdery Mildew
32.30711554191144,80.9070585473462,70.20094849201328,14.67160699321083,33.26683778414395,54.41315811525973,5.131266834244115,72.50279876574332,Leaf Spot
27.832041039497014,71.54091482994447,77.46682490681096,55.21606314576083,15.68567338048392,17.68527875540576,6.228071229387849,55.38723575383857,Bacterial Wilt
29.870938193331735,85.5850331558315,85.71172393752522,26.11702227984093,51.068267036258355,30.12663080487086,7.84983431694896,222.0772035494008,Powdery Mildew
34.63754953827737,86.02494735232551,87.10487494201368,53.792942116428655,23.412828774152565,47.896211498381916,7.174591419402425,186.27087317862714,Leaf Spot
24.21711043935275,58.266195993357215,43.71883697612844,53.58279003432757,41.86291806422507,51.41493178348446,6.885446923227615,256.81255616029654,Leaf Spot
34.14102205915389,90.97376290635658,76.789290112342,37.510915611157294,37.5396392540595,53.83013337741105,6.973465044990885,290.86999144327126,Bacterial Wilt
31.143140735415088,55.91130465308815,67.727373572593,27.85006769151318,17.61196822356475,34.197562753854825,5.952296075518571,139.49792885773923,Powdery Mildew
24.22975455093603,57.674002468130055,46.62759271921388,42.50861665405986,10.60677236535423,14.197234153416169,6.460499576967188,144.680809822752,Fusarium Wilt
36.12468767746725,68.61447880234252,55.898181683896155,38.88131295026987,44.889641654269546,47.340093886034964,7.21154558046006,298.2877135442683,Powdery Mildew
26.755023828769556,57.72503593582708,48.15399705966591,35.33966835853582,29.52617318703903,42.671195126285276,5.642404995558641,215.04587568766246,Anthracnose
35.94058484601648,73.52610362439042,62.59664438459838,20.914324188228903,59.52307962650767,21.376253461143815,7.52204628721134,143.57310628188446,Fusarium Wilt
39.623160684309724,63.39315300697463,34.391586944924384,23.729578411019194,50.70025443479664,47.79257908485187,5.693587624108266,127.3495012465697,Fungal Blight
36.74166761429511,85.85933909559779,84.4103803813141,19.110832571885325,52.86674438138044,15.713953379103447,6.5462891742614735,82.05013235017698,Downy Mildew
30.223095328678795,53.33918862368381,60.48592307519072,16.677747776288605,34.999112561866966,49.57438142300504,6.9442868074687505,247.49337405636064,Bacterial Wilt
38.512828717508896,51.90484540898957,83.21317523870542,42.79174097032509,51.90985129568983,26.70113849772647,6.249181329543493,279.81872873666487,Downy Mildew
37.39920109085333,99.68551089401822,67.81642056466018,41.44711055272596,58.35460281014043,32.85789559280727,7.68136470776847,211.9876502219274,Fusarium Wilt
38.998449543822026,79.56324064810002,88.1861151524077,34.077848998984564,36.272929347929846,24.849681981026496,7.137820602596691,276.55187143336286,Leaf Spot
31.4983391093211,95.17677767612403,30.06507112609923,12.651186549458512,54.5995480591015,23.315080090890962,6.807948168280301,130.8704756153316,Leaf Spot
31.63076877354533,83.827557668269,54.65129816922855,46.51465440572178,32.33912130282403,26.711946626247865,7.071761597069367,135.43454570202843,Downy Mildew
37.70705910216274,88.50780900607572,72.59631330171003,49.74167006344092,34.59835854557609,30.37965305286279,7.6114177656637825,149.4970472746785,Bacterial Wilt
31.306084474133684,84.38536197010008,54.16135918475969,11.887191134112943,17.968603029500247,58.2492644917399,7.134011429244607,131.61704916703857,Bacterial Wilt
33.01795921042434,85.02007184731629,81.31911091162733,19.20064810933801,16.918490202005174,38.60416768285023,5.769688586606252,277.9826028922565,Fungal Blight
39.44553912324535,92.11249799457816,47.500913157766114,28.763666172724523,40.07115138982478,40.83083520472652,5.16724810192094,269.79978070979945,Powdery Mildew
35.74644675928278,80.17150411640795,47.509364059734935,47.56097585024659,41.836313146454394,30.23114736099359,5.490596018924496,171.93557275878828,Fungal Blight
20.537145854230733,84.1120512799614,56.05153827427771,12.26794315178881,51.908508513120694,44.1776340497399,7.984281038506699,156.98024294814684,Leaf Spot
34.69329223809244,69.65836257976233,31.72012863405885,56.204635971462594,26.47615922605754,12.590334990894394,5.558943717207272,259.9719129601568,Fusarium Wilt
31.051511173934415,68.65489458112994,33.26688801715781,40.52424325327221,49.766555761786705,41.32404491373825,5.351247839587683,221.27997451998297,Bacterial Wilt
38.2294004641312,76.66764788844696,65.60805646473014,45.76074541382687,56.52439424802359,20.522665977933087,7.994748283416456,219.68463724451786,Bacterial Wilt
32.279702382564906,67.79833695566305,64.38222734535265,39.62450469750644,23.40172607734713,38.98559860084502,7.385445465286862,111.19411560986823,Bacterial Wilt
25.22229472526483,77.72451332772128,31.616892677311924,56.63942303938671,10.73063287499312,59.70528229864129,7.764486035098302,115.06737718603617,Bacterial Wilt
32.360824511720736,91.77191913298756,44.903824297460716,11.380327601351084,18.386673990743162,59.55037943270392,7.959486768918026,63.673104036316886,Bacterial Wilt
21.046689498123786,62.33353085288278,81.96369805890686,41.012499140101454,22.308712257668994,19.96398651944766,6.4427822624779445,298.15448625652334,Powdery Mildew
30.740092121464254,58.24460393087267,85.56867080578995,54.28634234542264,12.885746339787199,52.74538407260703,5.2970264344856215,85.07145917391063,Fusarium Wilt
33.773397491862376,89.09951822239034,34.239402205493136,58.73926984917147,22.42939366112016,53.830803089280515,6.04909824597615,274.0058445613027,Root Rot
27.104734023599164,61.12286665539792,46.45376268114852,29.605596105252282,41.69371116887239,59.369060180087295,5.511044728647395,169.419505265979,Fungal Blight
21.393282333577414,70.357934531793,67.08399916648108,22.706813710097393,53.49318714979278,22.72192296099568,7.621625381514882,71.54415451372246,Bacterial Wilt
20.54539471286841,72.9100672915105,84.87257631524028,20.185889599303422,57.12350808607654,50.511533139166836,6.482701563337933,291.5053379933165,Bacterial Wilt
33.71848630786191,77.98277353688275,80.46460351580163,42.684999539615355,38.393723698858636,24.928135078185523,7.738714034714706,231.51440608162565,Fungal Blight
29.751683410851584,66.79572062464005,45.26871676188031,47.78861888353603,45.251028173483235,37.065515440492625,6.104523684705519,220.3019992177365,Leaf Spot
34.87726068902069,82.83847326893655,34.334133494974914,30.322716683816466,44.49184859978603,25.22784393572516,6.39921909324442,212.50988777071956,Fusarium Wilt
21.23713869334053,78.60304894188509,48.90788061266426,23.500464371083538,33.40983027166269,20.137477224517454,5.931747269132459,80.49379010874173,Bacterial Wilt
34.77337768001091,56.083106425145786,66.57537942023053,30.873497229904263,25.855745912503686,30.813614938114334,5.446173068149889,167.72444529380036,Powdery Mildew
34.65421124879296,74.07575478588775,59.638398170362265,26.570246469289874,24.814293336499585,35.71825550301713,7.3389107474351,193.61005683008074,Downy Mildew
26.111288692788555,66.17160577010524,75.40499780790442,33.95868597701066,43.81403826306196,58.78186694612834,7.842898342975815,285.8606368922161,Anthracnose
32.92835295995015,74.27364339460141,69.25652979942427,17.554250585263823,39.85600327667347,50.348890986494375,7.383861756420126,291.93781141088937,Anthracnose
38.56040281312539,83.2676521495662,88.00121658838684,58.706068489767176,39.48187405626582,54.231555443600314,6.154553712522045,209.5906652503098,Downy Mildew
37.88566632629525,60.56791069572036,60.696403519651476,38.20995974414009,49.88611625388622,55.337103204714744,7.402394635933842,128.762246603161,Leaf Spot
39.62478422185987,90.41682925673832,42.564079302068414,57.595356656345686,57.5691066875432,46.28793658774618,5.4217059219583446,120.15991795249028,Fusarium Wilt
25.10875048690687,79.2316518299678,40.73246423365036,10.552699182135175,58.6145136707869,34.01940018667687,6.839744061331533,176.49105325204283,Root Rot
24.178531838405572,80.40352345130765,39.88851486806479,31.13593303899958,50.395307744956725,35.85941791257589,6.843595153449888,168.53668769799313,Fusarium Wilt
28.028742400080365,70.01220408849635,87.16816209947024,28.677975184406463,41.833167111708626,34.53929855871259,5.763640049280825,132.07157427307249,Powdery Mildew
32.568334939776,97.18986162973384,88.13081480037775,12.315576428522547,20.84090945807058,35.636442346559306,7.15585042800344,142.25475955145532,Powdery Mildew
27.296658887556166,72.2625115862707,61.78142303342149,32.66767333043326,59.82285006788034,53.74558744583453,6.130161725383719,279.70517588929386,Root Rot
21.775169841156696,84.2769563175361,76.68995175509428,14.358751148456513,42.25167564149295,58.05216475066563,6.713495194851858,279.2256858976732,Anthracnose
23.527511063467145,91.47177837807538,78.6065605661216,16.329599274970583,17.715503234321663,15.852935404516924,5.817671664879744,133.2469204934539,Fungal Blight
39.20404848910859,72.10815189331664,48.04614230057193,16.460017138260817,38.61329587481729,23.346319558551357,7.281313794374002,147.93090575903994,Bacterial Wilt
27.94163035383715,79.15039958787015,65.40463783141941,19.207879649818686,58.822191697922875,20.638089916172568,5.046527897954681,262.06833793248506,Leaf Spot
34.28602011266345,68.93351245827007,80.82824172342242,28.017849866352144,41.49037657532331,32.01053939601926,6.444452355911963,267.9579153050595,Anthracnose
37.36733335519504,98.69510784241396,62.47547868336586,15.314226498455943,42.099257904693175,17.76615446346775,5.981579878705185,277.8898427942965,Fusarium Wilt
33.210087005981315,86.16985640644516,57.394237575825954,25.54625140489001,30.426306688858393,49.24182854198097,6.980786523706953,56.02362831405015,Leaf Spot